input,output,generated_summary
"Good afternoon, champ, how you holding up? Good afternoon, Doctor, I have a lot of lower back pain. Oh no, before we begin, how old are you, sir and which hand do you write with? I'm seventy five now. Right. Great, so tell me, how long have you had this lower back pain? It's been about ten days now. Have your symptoms improved at all since they began? No, they keep getting worse. Does the pain radiate into your legs? Yes, it started radiating down my right leg three days after the lower back pain began, and then the left leg three days after the right. The next day I could barely walk, the pain was so severe. Do you remember the initial date of the beginning of your low back pain? Um, it was on December third nineteen ninety five. Have you seen another doctor for this pain? Yes, I saw my local physician, um, it was on December eleventh, but he wasn't able to pinpoint what was going on. What kind of treatments did he recommend? He gave me some antiinflammatories and sent me on my way. Did you drive yourself? Yes, I did. How did the antiinflammatories work? Um, by the time I got home, I could hardly walk due to the back pain, and I had weakness in my legs. I was, however, able to feed my dogs, and I fixed myself some dinner. Was there any leg numbness? Yes. Since December eleventh. Have you seen an orthopedist for this pain? Yes, I saw one the day after my primary care physician, but my legs gave out and I fell while walking to my car because of the leg weakness and back pain. What kind of imaging studies did that orthopedist do? He did a C T and x rays of my lower back, but he didn't see anything wrong. He recommended I follow up at U I H C. The imaging was on my L S Spine.","Subjective:
- Symptoms: Lower back pain, radiating pain down the right leg, then the left leg.
- Severity: Severe pain, described as ""I could barely walk"" and ""the pain was so severe.""
- Duration: Lower back pain for about ten days; radiating pain started three days after back pain began (right leg), then left leg three days later.
- Associated symptoms: Weakness in the legs, leg numbness since December eleventh.
- Relevant medical history: Saw local physician on December eleventh; received anti-inflammatory medications which were ineffective.
- Family history: Not mentioned.
- Allergies: Not mentioned.
- Other concerns: Patient expressed difficulty walking and concerns about the severity of their symptoms.

Objective:
- Physical examination findings: Not provided.
- Diagnostic test results: CT and X-rays of the lower back performed by the orthopedist, but no abnormalities were noted.
- Vital signs: Not provided.

Assessment:
- Diagnoses: Not explicitly stated, but indicated severe lower back pain with radiculopathy.
- Differential diagnoses: Not provided.
- Clinical impressions: Not explicitly stated.

Plan:
- Follow up at U I H C as recommended by the orthopedist. 
- No specific medications, treatments, or further tests mentioned in the conversation.",
"What brings you in here today? Hi, I'm um, I'm just, so I am here because I have this cough that I've had for the past um, week and a half, and I'm just uh, I usually don't come in with symptoms this minor, but because it's, because we're in the middle of a pandemic, I thought I should come in and get checked out. Okay, yeah, so it's been going on for like more than a week. Um, can you describe to me what kind of cough you're having? Is it like a wet cough or a dry cough? It's a dry cough. Okay, and has it been getting worse over the, over the time period you described? Um, it's kind of the same. It's the same. Um, have you noticed, although it's like dry, have you brought up any kind of sputum or phlegm at all? Um no, not, not, not recently. But yeah, in the first couple of days, the first two, three days. Okay, um and have you noticed any kind of yellowish to greenish tinge to it? No, it was watery. Watery, okay. Have you noticed at all, any blood, have you been coughing up any blood at all? Uh, no. Okay, and is your cough like constant or does it come and go? Um, kind of comes and goes. There's just times when I'm coughing a lot and then it just goes away. Okay, and is there a pattern to it? Like, uh, do you cough more when you're exerting yourself or any time, a certain time of the day? Um, it's worse when I'm smoking. When you're smoking, okay. And uh, how long do those episodes last? Couple of seconds, maybe? Okay, and has this happened to you before at all? Yeah. I think, um, yeah, I usually don't pay much attention to it. You know, I think must have happened last year or the year before. It just kind of goes away on its own. Okay, and is there any anything that makes it better or worse? Um, I um, I take this cough syrup, over the counter syrup, that helps. Okay. And um, have you found that it's been helping over, like, to help improve your cough over the last few days? It goes away for a couple hours and then it comes back. I see. Does it keep keep you up at night at all? No, no, no. No, okay. Are you having any other symptoms like shortness of breath, um sore throat, runny nose, anything like that? Uh, I kind of had those symptoms in those first two, three days, but then it went away, and then I only had this cough that stayed. Okay, okay. And have you been in contact with anyone that's been sick around you at all? Um, my daughter had the sniffles. When was that? Last, two weeks ago. Two weeks ago? Okay. And uh, how is she now like, did it just go away on its own, or did she have to go to the doctor? Um, no, it kind of went away on its own. Okay. Have you traveled at all recently outside of the province or the country? No. No, okay. And besides the cough, are you having any headaches at all? No. Any nausea or vomiting? No. Any fevers or chills? Not anymore. Not anymore, when was the last time that you had fevers or chills? I think I had like a very, it must have been 37.4, um, in the first, two, three days. But it got better really quickly. Okay, I see. Any night sweats? No. No, okay. Any, um, do you feel tired throughout the day? Not anymore. Not anymore, okay. So any kind of chest pain, or sensation that your heart is racing? No. No. Any dizziness or fainting spell? No. Any changes in your bowel movements at all? Um, no. No, so no constipation, diarrhea? No. Okay, any changes in your urination? No. No, okay. Um, have you had to miss work at all or, do you currently work? Yeah, but I've been working from home. Okay. I didn't have to miss work, so. Okay. And any changes in your sleep or appetite? No. Okay, any loss of sense of taste or smell at all? Um, initially, I guess the cough's first few days, my nose was a little stuffy, so yeah, I couldn't smell very well, but since then it's been fine. Okay, but no loss of taste? No loss of taste, no. Okay. Uh, any recent significant changes to your weight at all over the last few months? No. Okay, um, and any exposure in your home environment to dust, fumes? Any animals in the household? No. Okay. And otherwise, uh, do you have any medical conditions that you've been diagnosed with in the past? Uh no, I'm pretty healthy. Pretty healthy, okay. Any allergies, either to medications or environmental? Um, I'm allergic to penicillin. To penicillin, okay. And what kind of reaction do you get to penicillin? Um, I was told that I got a rash when I was a child. I don't really remember. Okay, and do you take any medications on a regular basis? No. No, okay. And have you been hospitalized in the past or had any surgeries? Um, I had my appendix removed about um, five years ago. Five years ago, okay. Any complications at all after that? No. Okay. Any family history of any lung conditions, heart conditions, any cancers at all? Um, colon cancer. Colon cancer? Yeah my dad and my grandfather had it. Okay, um, and have you, have you had any scopes done recently at all? Oh yeah, I had mine done uh, seven years ago. Seven years ago, okay. And were there any findings at all? No. No, okay. Um, currently so you work from home, so what's your home and living situation like? Who do you live with, and where, do you live in like a house, appartment? Uh, I live in an apartment with my wife and my daughter. Okay uh, and uh, do they have any symptoms at all? Or are they, are they fine? Well, my daughter doesn't have any symptoms anymore. She did as I mentioned, have some flu like symptoms 2 weeks ago. My wife's been healthy. Okay, and uh, does your daughter go to school right now or is she doing school from home? Uh, school from home. School from home, okay. Um, and do you at all smoke? So you mentioned your symptoms get worse with smoking. Yeah. Um, how much would you say you smoke on an average day? Um, I don't, I try, I've been trying to cut down, so I, I smoke about 3 or 4 cigarettes a week. I used to smoke a lot more before. Wow, yeah, that's really good! That's really great progress, um, it's really difficult to quit, but it's great to see that you're trying to quit. Um, so how much would you say you used to smoke? Well, half a pack. Um, half a pack a day, but then over the past three years I've been trying to cut it down. I started smoking when I was 20, so it's been um, 30 years now. Okay, so 30 years, okay. And um, are you just, are you using anything to help you quit smoking or are you doing it without any medications, or um, like, have you used anything in the past that has worked for you? Um, no I, I went to my doc and he said to try on my own first and if I'm struggling with it to come back, but I've been doing it very gradually so it's, it's going well. Okay, and that's really good. And yeah, if you, at all, need any resources to help you quit smoking, it's great that you're doing really well, but if you need to talk more about it or need any more resources we can provide that for you. Um, other than uh, smoking cigarettes, do you use any recreational drugs like marijuana at all? No. No. How about alcohol? Uh, I just drink on the weekends. Maybe a glass or two of wine. Okay, and uh yeah. So those were kind of all the questions I had for you today. Do you have any questions or concerns? No. No? I was, I guess I was just worried about the cough um, it's just, I was worried that it could be COVID. Yeah, so definitely right now, any of these symptoms, like COVID can have a lot of different symptoms um, so we should definitely make sure that we, to check if you have COVID or not and we'll get a COVID swab test done for you today, and the results will come back in 24 to 48 hours. Uh, and in that time, you will need to isolate even in your own home. Try to wear a mask around your family members, um, trying to eat separately and use all those methods, and, and then after the test comes back you may, you'll be contacted by public health if it's positive and kind of given more instruction on what to do. And it doesn't necessarily have to be COVID either, it can be just another virus uh, like it can be just your common cold that's been going on. So it does seem that your symptoms have gotten better. Oftentimes uh, a cough can be the last thing to go, it can take up to two weeks or more for the cough to get relieved, but it seems that you're not having any systemic symptoms like no fevers or anything else right now, so it's, it's uh, that's, that's pretty good. Great, I'm glad. Alright, yeah. Thank you. You're welcome. Take care.","Subjective:
- Presenting with dry cough for 1.5 weeks
- Cough is intermittent, lasting a few seconds, and worse with smoking
- Initially had sputum production (watery) and URI symptoms (sniffles, nasal congestion, decreased sense of smell) which resolved after 2-3 days
- Cough is relieved temporarily by OTC cough syrup
- Denies current fever, chills, night sweats, SOB, sore throat, rhinorrhea, headache, chest pain, palpitations, dizziness, syncope, N/V, changes in bowel movements or urination, fatigue, loss of taste or appetite, or unintentional weight changes
- No missed work (working from home)
- No recent travel
- Daughter had flu-like illness 2 weeks ago which self-resolved
- No known sick contacts
- No exposure to dust, fumes, or animals

PMHx:
- Appendectomy 5 years ago without complications
- Allergic to penicillin (childhood rash)

FHx:
- Colon cancer (father and paternal grandfather)

SocHx:
- Lives in apartment with wife and daughter
- Smoking: currently 3-4 cigarettes/week, previously 0.5 PPD for 30 years (since age 20), gradually cutting down over past 3 years
- Alcohol: 1-2 glasses of wine on weekends
- Denies recreational drug use

Objective:
- Vitals signs: not provided
- Physical examination: not provided
- Investigations: not provided

Assessment:
- Likely post-viral cough
- COVID-19 testing pending

Plan:
- COVID-19 swab
- Self-isolation and infection control measures at home pending swab results
- Monitor symptoms and follow up if worsening or persistent cough",
